id,first_name,last_name,age
1,Jewell,Kennedy,26
2,Roley,Camerati,22
3,Boyd,Lincke,20
4,Caldwell,Roberson,19
5,Glynn,Staining,19
6,Aloise,Castellone,19
7,Krisha,Kinder,21
8,Neil,Sheeres,22
9,Grayce,Scroxton,18
10,Fae,Menico,20
11,Elmer,Demer,19
12,Calhoun,Barabich,21
13,Catherina,De Gregorio,19
14,Trixy,Petrescu,25
15,Bone,Murie,25
16,Dilly,Pelcheur,20
17,Tedda,Larter,26
18,Darryl,Hanlon,19
19,Fancy,Sebyer,21
20,Donaugh,Cawker,18
21,Annabal,Greiser,23
22,Tabor,Gager,26
23,Karee,Newell,27
24,Carine,Vivians,24
25,Gerek,Rishbrook,19
26,Jerrie,Ferrettino,18
27,Christy,Schulter,25
28,Jarib,Beak,19
29,Hurlee,Schout,24
30,Holmes,Bucke,26
31,Ivan,Antonat,26
32,Goldy,Leveret,25
33,Eolande,Childs,22
34,Marena,Mulqueen,24
35,Dominica,Spinas,26
36,Mirabelle,Licas,24
37,Phaedra,Dobkin,18
38,Egor,O'Hdirscoll,19
39,Lucina,Corneck,21
40,Phyllida,Malloy,23
41,Ban,Highwood,21
42,Odella,Oxtaby,21
43,Gusta,Cleyburn,21
44,Carlee,Kerfod,25
45,Audre,Serfati,23
46,Gilligan,Pauling,22
47,Laverne,Segges,23
48,Paige,Larkcum,20
49,Carolan,Lipscomb,25
50,Evie,Heynen,21
51,William,Chadbourne,26
52,Livy,Meech,22
53,Engelbert,Blaxton,25
54,Ailis,Haestier,18
55,Crystal,Allport,27
56,Marrissa,Glas,23
57,Kory,Papaccio,25
58,Frankie,Arrigo,21
59,Ingram,Forbear,20
60,Gertie,Muro,23
61,Ailey,Schout,20
62,Horacio,Pirelli,24
63,Ignatius,Wychard,25
64,Morna,Prate,21
65,Elbertine,Gaul,25
66,Brenn,Cross,26
67,Star,Lottrington,26
68,Vassily,Sheeres,26
69,Kim,Lax,23
70,Dede,Irwin,23
71,Belia,Amoss,19
72,Saundra,Cordet,21
73,Patrizia,Kensit,22
74,Murvyn,Rate,20
75,Vinnie,Folds,21
76,Kathye,Gergher,18
77,Lothaire,Phetteplace,23
78,Correy,Matura,18
79,Marylynne,Leckenby,20
80,Mayne,Lenney,24
81,Sileas,Rounsefell,20
82,Hiram,Aldwich,23
83,Ewan,Grossier,21
84,Dru,Itscowics,24
85,Etheline,Ortelt,22
86,Silvie,Fetteplace,20
87,Annmarie,Cambell,23
88,Nikolas,Greensmith,20
89,Bethany,Ondrusek,23
90,Clifford,Jellicorse,23
91,Rikki,Alvy,24
92,Valina,Armstead,23
93,Mada,Vertigan,20
94,Rosene,Gurney,26
95,Kerk,Verlinde,25
96,Ian,Snalom,22
97,Yul,Posselwhite,27
98,Martelle,Antliff,26
99,Maximilian,Olin,26
100,Leontine,Poure,25
